product_id,product_revenue
1515966223509089533,232143.52000000092
1515966223509088567,106172.51999999992
2273948316473492113,102552.32999999907
2273948189981671502,102518.85999999997
1515966223509106786,101236.22999999934
1515966223509104111,95426.1000000002
1515966223509089283,91448.08999999944
1515966223509130879,80967.03999999972
2273948316532212462,76128.39000000014
1515966223509089303,71618.33000000003
